gazebo_x,gazebo_y,gazebo_t
1.9591551290115412,-0.023114725552227038,-0.035293469642456485
1.953064738475661,-0.022949616596610184,-0.03518817594350017
1.9564602069252854,-0.023018289396685872,-0.0352827402747117
1.9530864038759568,-0.022847167306115513,-0.0350714929739495
1.9570016918831137,-0.023039907374950017,-0.03509020114301823
1.9546322256854247,-0.02291885922827193,-0.03494394065695508
1.959319663325201,-0.0214882392629003,-0.033971576307703505
